meanfreq,sd,median,IQR,skew,kurt,mode,centroid,dfrange,label
0.059780985,0.064241268,0.032026913,0.075121951,12.86346184,274.4029055,0,0.059780985,0,male
0.06600874,0.067310029,0.040228735,0.073252323,22.42328536,634.6138545,0,0.06600874,0.046875,male
0.077315503,,0.036718459,0.123206961,30.75715458,1024.927705,0,0.077315503,0.0078125,male
0.151228092,0.072110587,0.158011187,0.111373524,1.232831276,4.17729621,0.083878185,0.151228092,0.5546875,male
0.135120387,0.0791461,0.124656229,0.127324711,1.101173666,4.333713155,0.104261402,0.135120387,5.4765625,male
0.132786407,0.079556866,0.119089848,0.141633606,1.932562432,8.308895037,0.112555426,0.132786407,2.71875,male
0.15076233,,0.160106383,0.112819149,1.530643231,5.987497658,0.086196809,0.15076233,5.3046875,male
0.160514332,0.076766885,0.144336775,0.121429706,1.397156365,4.766610695,0.128324067,0.160514332,0.53125,male
0.142239417,0.078018462,0.138587444,0.120381166,1.099746151,4.070283706,0.219103139,0.142239417,2.15625,male
0.134328777,0.080350028,0.121451347,0.12637713,1.190368444,4.787309833,0.011698736,0.134328777,4.6796875,male
0.157020511,0.071942931,0.168160153,0.115309819,0.979442275,3.974222626,0.096358437,0.157020511,2.8046875,male
0.138550521,0.077053993,0.127526596,0.115425532,1.626769867,6.291365079,0.012101064,0.138550521,2.7109375,male
0.137342742,,0.124262508,0.126081871,1.378728204,5.008951625,0.108434048,0.137342742,5,male
0.181225459,0.060042055,0.190953206,0.100693241,1.369430458,5.475599788,0.21982669,0.181225459,2.796875,male
0.183115281,0.06698235,0.191232529,0.111003812,3.568104024,35.38474845,0.049987294,0.183115281,6.5390625,male
0.174272105,0.069411045,0.190874107,0.112677295,4.48503835,61.76490831,0.050027488,0.174272105,6.9921875,male
0.190846298,0.065790282,0.207950987,0.112076242,1.562303683,7.834349886,0.05012934,0.190846298,6.3125,male
0.171246971,,0.152806653,0.121226611,3.207169827,25.76556494,0.05995842,0.171246971,0.5625,male
0.168345946,0.074120817,0.145618472,0.124068169,2.704334729,18.4847026,0.060032985,0.168345946,3.1171875,male
0.173631376,0.073351512,0.153568557,0.120553819,2.804974885,20.85754316,0.060026798,0.173631376,2.8125,male
0.172754287,0.076902583,0.177736289,0.12529755,2.967765093,20.0781147,0.059953326,0.172754287,0.7109375,male
0.181015394,0.074369304,0.169298813,0.125501618,2.587324534,12.28143192,0.05995685,0.181015394,3.6875,male
0.163535853,0.072448898,0.145542522,0.113519062,3.58764999,28.65378051,0.059941349,0.163535853,0.4375,male
0.170212798,0.075104946,0.146052999,0.126136681,2.816792918,13.7645822,0.059944212,0.170212798,0.5546875,male
0.160422477,0.076614764,0.144823806,0.116319499,6.253208252,85.49192569,0.060078309,0.160422477,3.9453125,male
0.164699838,0.075361772,0.14701847,0.121776605,4.208608405,43.68188543,0.05996482,0.164699838,1.0546875,male
0.169578801,0.075634514,0.186467577,0.121843003,4.269922678,45.89524782,0.05996587,0.169578801,3.6015625,male
0.169021004,0.071778152,0.143168483,0.122514669,3.079273395,14.34029884,0.128147527,0.169021004,0.703125,male
0.167340239,0.07284123,0.14173913,0.117826087,2.192126246,8.152409785,0.134782609,0.167340239,0.671875,male
0.180527821,,0.142385321,0.12293578,2.799968944,12.19036052,0.133577982,0.180527821,0.5,male
0.153039048,0.07403113,0.158064516,0.121634409,0.885701648,3.523981856,0.216774194,0.153039048,1.015625,male
0.166659499,0.075961168,0.142781457,0.123002208,3.281847964,16.61948169,0.127019868,0.166659499,0.625,male
0.175659429,0.071651533,0.144191617,0.125469062,3.736487284,21.66666873,0.134411178,0.175659429,0.640625,male
0.174825733,0.071532831,0.146470588,0.123529412,2.576732042,10.11012486,0.12,0.174825733,4.1640625,male
0.174064614,0.073121844,0.140183486,0.125137615,3.263039755,16.42405465,0.133211009,0.174064614,0.625,male
0.159530491,0.075273104,0.146853147,0.117972028,1.993500516,6.870351177,0.133636364,0.159530491,2.6015625,male
0.167648361,0.067219927,0.157239513,0.073504736,1.93606513,6.334625799,0.134506089,0.167648361,0.59375,male
0.172436386,0.071504543,0.145620438,0.119562044,4.504440541,31.07841702,0.135912409,0.172436386,0.421875,male
0.162981116,0.065952332,0.142770664,0.072689173,4.344838338,26.58960548,0.137555297,0.162981116,0.6796875,male
0.170209848,0.072023008,0.146003899,0.117076023,2.745951338,11.78429743,0.132358674,0.170209848,0.90625,male
0.171400807,0.068428139,0.145321955,0.114910784,2.930439972,13.72613482,0.137067494,0.171400807,0.6875,male
0.146886154,0.068160816,0.12146675,0.116246116,2.603394147,13.26585098,0.121292728,0.146886154,4.171875,male
0.166763785,0.064488516,0.160123648,0.112735703,2.117203042,8.939176207,0.121391036,0.166763785,2.8125,male
0.153691861,0.066495859,0.145158831,0.112426938,2.352593909,13.90793203,0.121321474,0.153691861,4.640625,male
0.168011339,0.068873401,0.167917889,0.112082111,2.319626258,8.564218273,0.121319648,0.168011339,0.6171875,male
0.148281383,0.068117184,0.129892781,0.10547534,3.268474946,22.89644491,0.121286633,0.148281383,5.21875,male
0.158595955,0.066216652,0.133302217,0.113372229,3.019164195,17.53642513,0.121213536,0.158595955,1.328125,male
0.163643182,0.070030717,0.14412111,0.116804037,1.699528754,7.628756036,0.121278385,0.163643182,0.640625,male
0.158656925,0.067564057,0.161061947,0.114744724,1.939662533,8.20383208,0.121225323,0.158656925,6.875,male
0.13789282,0.072420663,0.119852399,0.114169742,2.010993302,10.26207404,0.059926199,0.13789282,4.6328125,male
0.142715585,0.074163591,0.127850099,0.117357002,1.55226944,7.230187946,0.060197239,0.142715585,4.65625,male
0.135052914,0.072095147,0.112927013,0.112716328,3.421779437,19.1332173,0.102603461,0.135052914,4.4296875,male
0.14146076,0.072861395,0.124879288,0.11047014,2.264114987,13.0822968,0.060127065,0.14146076,5.1484375,male
0.141280115,0.074404048,0.13420617,0.11145222,2.052550657,10.94130568,0.060045147,0.141280115,5.7890625,male
0.153851203,0.072191575,0.144592094,0.117039529,1.75889252,7.132438447,0.060050463,0.153851203,2.6953125,male
0.145640705,0.077006409,0.137947214,0.12398827,,,0.059941349,,5.421875,male
0.144858407,0.076591817,0.135571776,,2.797501935,29.5536466,,0.144858407,4.984375,male
0.121683363,0.086850112,0.118237046,0.184609887,2.062324056,8.465573513,0.117903514,0.121683363,3.71875,male
0.135649932,0.086412331,0.126722455,0.178856346,1.388276328,5.00901655,0.114811715,0.135649932,4.2890625,male
0.100399417,,0.081725176,0.100260782,0.529583803,2.068455491,0.011654965,0.100399417,4.3359375,male
0.125087547,0.080116695,0.114191121,,2.377389656,,,0.125087547,4.2890625,male
0.143486162,0.070275487,0.123868797,0.109503785,,6.661533402,0.106442389,,4.46875,male
0.14319683,,0.125352798,0.136423358,1.936126532,7.989100746,0.113090024,0.14319683,4.5625,male
0.145532381,0.087864043,0.129720598,0.144821313,1.458798837,5.010379366,0.115893437,0.145532381,4.96875,male
0.162065429,0.084432291,0.143149016,0.137113402,1.578563282,5.179448806,0.268978444,0.162065429,4.5703125,male
0.142961233,0.083106899,0.129292352,0.130092924,,,0.112480343,,2.7109375,male
0.141153447,0.080922189,0.124304933,0.125089686,1.724297837,6.313516506,0.109394619,0.141153447,4.0546875,male
0.167334035,0.047177727,0.161802155,0.045249755,3.961908362,24.41962179,0.16619001,0.167334035,6.796875,male
0.167850312,0.052593589,0.163262195,0.061890244,1.919229523,7.131328753,0.166890244,0.167850312,6.5,male
0.185098439,0.054289442,0.176771888,0.070208457,1.60173918,5.223786332,0.165265039,0.185098439,5.1328125,male
0.167761538,,0.15993403,0.075272128,2.531500396,11.50948543,0.126838922,0.167761538,6.8359375,male
0.171093502,0.061286735,0.14869138,,2.789593353,13.53751456,0.129557838,0.171093502,0.671875,male
0.167083054,0.064425673,0.181705115,0.113179539,1.870943526,8.381557142,0.09225677,0.167083054,4.984375,male
0.200830145,0.053066217,0.210058873,0.050866274,1.840901444,6.006800909,0,0.200830145,5.5234375,male
0.137095643,0.066633153,0.102873481,0.112080057,4.07821686,25.66321559,0.084260186,0.137095643,2.1640625,male
0.190324563,0.051695724,0.191410419,0.063684879,1.461858806,,0,0.190324563,6.7109375,male
0.187139453,0.056499407,0.176109385,0.1045867,1.411153314,4.149301675,0.16619018,0.187139453,6.515625,male
0.184354869,0.055493941,0.183430657,,1.588013858,8.990048203,0,0.184354869,6.9921875,male
0.200041812,0.055815131,0.210792138,0.076879095,2.926780705,15.2537868,0.24064324,0.200041812,6.234375,male
0.175681868,,0.173151025,0.066824114,1.759852944,6.471363967,0,0.175681868,6.5546875,male
0.184850897,0.062446727,0.189809403,0.104777637,1.661060846,10.89410786,0,0.184850897,6.6484375,male
0.182630135,0.048974549,0.176618005,0.056885645,1.628578866,5.586837138,0.185474453,0.182630135,6.6796875,male
0.196463262,0.057606383,0.204407065,0.092312868,1.197040616,4.109993679,0,0.196463262,6.4453125,male
0.191310915,0.057122814,0.208774796,0.095565928,6.995045482,112.6479884,0.090011669,0.191310915,0.3359375,male
0.19600602,0.053930062,0.203383897,0.085274212,4.038263467,50.59146239,0.090011669,,0.28125,male
0.191461682,0.05186218,0.202495127,0.075503574,,45.86416062,0.09005848,0.191461682,0.5625,male
0.193769347,0.058334877,0.206197827,0.093493425,5.251239064,74.42649286,0.089971412,0.193769347,0.5625,male
0.194920925,0.056284804,0.208430493,0.094170404,6.983667487,116.9593093,0.090089686,0.194920925,0.2734375,male
0.193808189,0.054969105,0.202232811,0.088631722,4.057908575,44.44703926,0.089965963,0.193808189,1.9765625,male
0.193588997,0.052350651,0.201535948,0.071830065,5.417712763,66.0911654,0.090130719,0.193588997,3.234375,male
0.198295356,0.054554303,0.214516129,0.081085044,3.844959386,33.68011344,0.090117302,0.198295356,2.0625,male
0.198778046,0.05675451,0.210615836,0.081906158,6.230334767,85.99679162,0.090117302,0.198778046,0.328125,male
0.206312235,0.054641792,0.218515815,0.094525547,3.957725499,34.3191654,0.090097324,0.206312235,0.2890625,male
0.117777703,0.079527567,0.111176471,0.150088235,23.53806144,671.8342411,0,0.117777703,0,male
0.105782027,0.081246862,0.102789243,0.165478424,27.95290068,903.789086,0,0.105782027,0,male
0.107009364,0.081312548,0.10278751,0.163777609,24.7051185,714.6968949,0,0.107009364,0,male
0.119006303,0.083082514,0.106213873,0.154566474,,812.2040859,0,0.119006303,0,male
0.082525588,0.080917867,0.06124491,0.121349622,15.8910016,402.9326102,0,0.082525588,0.0078125,male
0.130673638,0.082881544,0.116964177,0.122574378,27.7051186,896.650347,0,0.130673638,0,male
0.096725277,0.083799544,0.086858639,0.155575916,20.30714636,577.3697762,0,0.096725277,0.015625,male
0.119976656,0.081470648,0.109892473,0.132473118,22.40086595,560.1227893,0,0.119976656,0,male
0.106860842,0.086955451,0.10067086,0.177861635,23.86044523,615.5273912,0,0.106860842,0,male
0.100905502,0.080507739,0.098245614,0.147641326,22.64938378,592.5633813,0,0.100905502,0,male
0.169505759,0.066930404,0.140970537,0.118162912,2.384671522,10.23994843,0.133934142,0.169505759,0.828125,male
0.163313106,0.064859684,0.149953632,0.115332303,1.801983649,6.461428413,0.116846986,0.163313106,0.65625,male
0.160925335,0.068626553,0.173488915,0.112392065,2.67033497,12.89599691,0.096872812,,6.3359375,male
0.164859947,0.067179041,0.148100749,0.110170184,,6.96166172,0.14162015,0.164859947,3.3125,male
0.177427698,0.067854979,0.163195266,0.125088757,1.85887734,6.621257836,0.130887574,0.177427698,2.5703125,male
0.176685284,0.058485963,0.161784897,0.104439359,1.730253106,6.672647883,0.113089245,0.176685284,0.2421875,male
0.179028926,0.065368498,0.164453524,0.121266599,2.141880482,8.49310285,0.126414709,0.179028926,5.7734375,male
0.166353449,0.062439847,0.149581205,0.108968335,1.762844907,6.110980923,0.114116445,0.166353449,0.375,male
0.173756783,0.065038729,0.166648794,0.124110813,2.156018347,7.980531233,0.126613047,0.173756783,5.7890625,male
0.168023268,0.063307437,0.145769554,0.114213625,2.009765771,7.938203219,0.108561817,0.168023268,0.359375,male
0.169352533,0.068167747,0.14283671,0.123480334,2.038744662,7.546507431,0.120476758,0.169352533,5.5859375,male
0.130410979,0.093199206,0.135239567,,27.79818155,834.8009163,0,0.130410979,0,male
0.116779075,0.085695072,0.131991525,0.14029661,23.35982846,595.744374,0,0.116779075,0,male
0.10716189,0.08495081,0.114280763,0.135389948,24.17367566,665.1498054,0,0.10716189,0.0078125,male
0.131099727,0.078964943,0.149948007,0.079584055,25.39335957,710.1358714,0,0.131099727,0,male
0.126194803,0.084571297,0.140900643,0.133095068,28.38535483,880.5637852,0,0.126194803,0.4375,male
0.107129883,0.084279163,0.095355286,0.143639515,23.98783876,658.3050241,0,0.107129883,0,male
0.164801332,0.070558618,0.175711061,0.131467269,18.84960322,459.5172922,0.060045147,0.164801332,0,male
0.174842857,0.066636271,0.191033138,0.118804418,12.56854236,274.0508417,,0.174842857,0.640625,male
0.164958845,0.073334801,0.173655049,0.140625559,17.57440469,396.0174149,0.060053619,0.164958845,0.4375,male
0.162515085,0.076269221,0.172964728,0.150009533,,392.9543438,0.060057197,0.162515085,0,male
0.1723464,0.072829239,0.184861228,0.143885618,15.81225162,348.9896304,0.060050463,0.1723464,0.1796875,male
0.167705128,0.070774462,0.17944212,,17.94848782,416.1836382,0.059944212,0.167705128,0.140625,male
0.16862254,0.069783277,0.182238443,0.129610706,15.48038791,351.4442736,0.060121655,0.16862254,3.09375,male
0.166402126,0.076585194,0.172627119,0.153347458,15.86218362,307.0350818,0.060211864,0.166402126,0,male
0.169081838,0.070911707,0.178467824,0.123840654,12.38536886,235.7106685,0.060061287,0.169081838,0.203125,male
0.160199487,0.070317494,0.165680473,,16.49595499,,0.060197239,0.160199487,0.171875,male
0.200814728,0.053800182,,0.08712766,1.743361403,7.191200241,0.222473404,0.200814728,4.09375,male
0.208676975,0.05269832,0.226468136,0.074544372,2.08208152,7.898269743,0.230470518,0.208676975,6.109375,male
0.214956445,0.053447128,0.236923077,0.079562842,2.156406936,,0.239041614,0.214956445,6.3046875,male
0.211484996,0.053870578,0.232935154,0.093174061,2.284524448,10.18895788,0.248583618,0.211484996,5.03125,male
0.20692432,0.053096175,0.22656183,0.080257327,2.907052707,15.20252279,0.238170122,0.20692432,5.859375,male
0.107825211,0.080407475,0.10079058,0.150243902,2.029541637,8.709018071,0.012716569,0.107825211,0.9765625,male
0.115866233,0.081730356,0.099496256,0.146766508,1.885670842,8.933405627,0.006671205,0.115866233,0.6328125,male
0.113203353,0.077958396,0.102393617,0.144095745,1.701253766,6.863101923,0.003351064,0.113203353,3.1328125,male
0.085150614,0.079647772,0.06962766,0.116170213,2.883271184,11.89447399,0.005212766,0.085150614,4.28125,male
0.115618688,0.077059979,0.102809266,0.138689009,2.053250584,8.190790788,0.0979793,0.115618688,4.328125,male
0.113315913,0.077888214,0.104962244,0.138338727,1.398775517,5.024128632,0.00407767,0.113315913,4.5625,male
0.119213317,0.078285722,0.103415409,0.135663225,1.98550958,8.394248005,0.09807784,0.119213317,4.3828125,male
0.105493079,0.082376205,0.091791614,0.151207116,3.258646166,19.92000339,0.004447268,0.105493079,0.7109375,male
0.108456021,0.079489194,0.10058651,0.145131965,2.213992952,10.44753356,0.006979472,0.108456021,0.6171875,male
0.099853981,0.080102053,0.087670851,0.140781032,2.425280561,11.18196148,0.009958159,0.099853981,1.6328125,male
0.145026456,0.084038387,0.144606181,0.124785643,28.45025021,992.9338204,0,0.145026456,0.3828125,male
0.138468277,0.08584757,,0.153891951,27.28409318,910.9444009,0,0.138468277,0.4296875,male
0.09791506,0.085508254,0.078153409,0.172613636,22.78488267,656.4906047,0,0.09791506,0.515625,male
0.136481726,0.079757207,0.133596674,0.131850312,,6.490301654,0.144074844,0.136481726,4.84375,male
0.135724315,,,0.177591436,22.85102818,611.3035241,0,0.135724315,0,male
0.105873231,0.08975538,0.097245509,0.173892216,24.26769267,678.3353553,0,0.105873231,0.390625,male
0.112636549,0.085917277,0.103882979,0.172207447,28.20161643,897.422258,0,0.112636549,0.4375,male
0.116288598,0.089218425,,0.181713222,22.55522389,592.1893806,,0.116288598,0.5234375,male
0.11328765,0.084485439,0.104602273,0.172215909,27.10352821,827.5671305,0,0.11328765,0,male
0.122448465,0.086267943,0.111621622,0.166297297,26.05466401,798.0715316,0,0.122448465,0.375,male
0.174297912,0.072622833,0.178299845,0.142380216,15.55340374,331.37748,0.059938176,0.174297912,0.7578125,male
0.164973473,0.072853663,0.177029388,0.141223193,17.57498642,410.65573,0.060047657,0.164973473,0.34375,male
0.165807663,0.06985103,,0.124098491,17.68789675,415.8824624,0.060047657,0.165807663,0.4609375,male
0.155057253,0.072210044,0.160893655,0.133619303,,453.2396482,0.060053619,0.155057253,0.046875,male
0.170310011,0.073088435,0.176289708,0.14747141,18.96949871,460.2612499,0.059949174,0.170310011,0.375,male
0.163180094,0.068044544,0.177170543,0.117209302,21.57970496,598.3926403,0.060096899,0.163180094,0.625,male
0.161740724,0.071970795,,0.138346799,22.49760827,623.5630956,0.06003729,0.161740724,0.59375,male
0.160984675,0.071163182,0.172530414,0.125693431,22.86886782,602.7161515,0.059951338,0.160984675,0,male
0.169875811,0.073346074,0.180587768,0.144336775,17.00408866,394.9695064,0.060047657,0.169875811,0.6796875,male
0.171829295,0.071932805,0.180107207,0.140583681,19.30579434,514.178305,0.060035736,0.171829295,0.1796875,male
0.168957754,0.072075464,0.196720686,0.114242135,2.765167809,16.42982128,0.050181125,0.168957754,4.9921875,male
0.166469398,0.077571464,0.179002933,,3.341124012,34.4856255,0.050087977,0.166469398,6.5234375,male
0.147872771,0.087380251,0.17518617,0.156755319,,,0.050079787,0.147872771,5.2265625,male
0.148742418,0.086259927,0.173049853,0.149237537,3.037177358,27.72348312,0.050087977,0.148742418,5.234375,male
0.138676549,0.088189211,0.156627566,0.162785924,3.892380733,44.07791572,0.050087977,0.138676549,3.6015625,male
0.150704949,0.087127145,0.174299333,0.156415634,2.603950831,22.32889894,0.050181125,0.150704949,5.5546875,male
0.154305636,0.084789505,0.175558511,,2.820346526,28.79817065,0.050079787,0.154305636,6.9921875,male
0.154811854,0.083201832,0.175923754,0.129120235,3.309896698,30.95627778,0.050087977,0.154811854,4.8046875,male
0.16710528,0.074807149,0.190605854,0.11493533,3.10115379,27.28649751,0.05012934,0.16710528,5.375,male
0.18881488,0.070484528,0.163710895,0.123538296,2.198545123,10.7834387,0,0.18881488,0.390625,male
0.134961588,0.062047084,0.111387721,0.10079058,2.317095318,9.072178719,0.104793944,0.134961588,4.2578125,male
0.142010214,0.067119378,0.116300448,0.106569507,3.133692606,15.17880037,0.08396861,0.142010214,4.6484375,male
0.141046606,0.065363307,0.109745763,0.109745763,2.902501486,13.21178034,0.101144068,0.141046606,0.1328125,male
0.146683933,0.066241093,0.120098039,0.119411765,1.935967796,7.154134621,0.09996732,0.146683933,3.640625,male
0.134105721,0.064398543,0.109854015,0.095547445,2.874535141,13.64845635,0.0856691,0.134105721,3.375,male
0.137295009,0.065283349,0.112982456,0.104249513,,13.82778502,0.083508772,0.137295009,4.578125,male
0.141913032,0.064111088,0.117290242,0.114505904,2.762945233,14.43691229,0.083356122,0.141913032,4.1953125,male
0.139332701,0.063610933,0.114607843,0.107973856,2.297272792,9.172248472,0.101797386,0.139332701,3.75,male
0.134991571,0.063945217,0.107268107,0.101041931,2.634624639,11.23616147,0.083964422,0.134991571,3.3125,male
0.145020841,0.067298316,0.114684609,0.125046257,2.936318019,17.15356466,0.085719092,0.145020841,3.1640625,male
0.111692076,0.079744523,0.104220183,0.11559633,0.985696262,3.81685608,0.008807339,0.111692076,0.3046875,male
0.13343119,0.075590049,0.13158042,0.122181818,1.344298776,,0.112783217,0.13343119,0.5859375,male
0.110682668,0.077645524,0.103733333,0.127466667,1.110100042,4.374227422,0.009066667,0.110682668,0.4609375,male
0.12833735,0.083162523,0.122666667,0.149066667,1.900326868,8.405812241,0.108533333,0.12833735,3.5234375,male
0.133594832,,,0.129612903,1.892490538,,0.127354839,0.133594832,0.4921875,male
0.128461597,0.077023594,0.12747784,0.116196616,1.404889673,5.848927132,0.127703465,0.128461597,0.5234375,male
0.118850224,0.077088647,0.118975553,0.122561118,1.99946719,8.721391282,0.123538999,0.118850224,0.2890625,male
0.141909368,0.076153546,0.132439479,0.107932961,1.848922005,7.90486582,0.118361266,0.141909368,5.28125,male
0.113763716,0.076831871,0.109908925,0.142040073,1.935175667,8.230453169,0.106338798,0.113763716,1.375,male
0.150862475,0.074831191,0.139380531,0.104070796,2.856022684,12.28608986,0.143716814,0.150862475,0.453125,male
0.137313249,0.077583497,0.152925878,0.120884265,1.84605037,7.072493124,0.015292588,0.137313249,6.0546875,male
0.14452357,0.076059305,0.162253995,0.106442389,1.869411778,6.776297552,0.163666947,0.14452357,1.7734375,male
0.14553057,0.078547345,0.160583431,0.121866978,2.114403473,8.486700443,0.16042007,0.14553057,5.9296875,male
0.138794665,0.074472801,,,1.879191232,7.298108253,0.178662583,0.138794665,6.3515625,male
0.149095716,0.073902942,0.163917084,0.113681201,,,0.172923517,0.149095716,5.3359375,male
0.145027257,0.080244027,0.158185208,0.1292977,1.462297427,5.371888054,0.021230578,0.145027257,6.3125,male
0.149560766,0.076884563,0.173370217,0.105984325,2.389099206,,0.182664822,0.149560766,5.8515625,male
0.148974343,0.077394775,0.168856383,0.111702128,,8.127694051,0.185239362,0.148974343,5.9296875,male
0.159905387,0.077485227,0.168106734,0.125412961,1.055362758,4.512376153,0.200304956,0.159905387,2.5625,male
0.146143734,0.07324903,0.162976836,0.106811237,1.732992385,6.252862175,0.181192706,0.146143734,6.1015625,male
0.171766033,0.064629033,0.189385113,0.100582524,1.354595306,4.138927385,0.218532902,0.171766033,6.0078125,male
0.15350374,0.074293323,0.172014995,0.11651359,1.425215276,5.243746601,0.015613871,0.15350374,6.1796875,male
0.168304611,0.073633876,0.191779517,,1.653817397,6.069665829,0.016862879,0.168304611,5.46875,male
0.195750488,0.037821133,0.202781775,0.041966427,2.46284741,10.0304941,0.20882494,0.195750488,19.8046875,female
0.184702632,0.033981934,0.18173913,0.03826087,2.342370873,8.635110354,0.183043478,0.184702632,8.0390625,female
0.181748894,0.031095804,0.18030303,0.028787879,2.946435944,11.95382754,0.191515152,0.181748894,11.53125,female
0.181639229,0.034513993,0.174290976,0.028360958,3.572509224,17.94387472,0.170165746,0.181639229,9.75,female
0.196909306,0.041959509,0.193666667,0.048611111,1.820306058,6.07282344,0.186666667,0.196909306,9.3046875,female
0.186370118,0.031625009,0.181253918,0.035109718,2.648135121,10.33807707,0.182131661,0.186370118,9.28125,female
0.193111653,0.034134222,0.186330935,0.045323741,3.302238318,19.11757035,0.173573141,0.193111653,9.375,female
0.193460595,0.035204649,0.189960784,0.045385621,1.726277032,5.234422872,0.183372549,0.193460595,8.9765625,female
0.194249751,0.037110477,0.191086351,0.053816156,1.6258142,5.025590756,0.190696379,0.194249751,11.578125,female
0.190408403,0.034724939,0.185516179,0.038828968,2.363177315,8.568991345,0.18422188,0.190408403,9.6796875,female
0.191336327,0.034237033,0.190560191,0.03170441,2.247723823,7.964652807,0.202908224,0.191336327,9.234375,female
0.193605246,0.034647315,0.184615385,0.044230769,3.062335631,14.97562457,0.181923077,0.193605246,9.5859375,female
0.184142037,0.036291221,0.182685069,0.033726474,3.958108451,24.00831909,0.184792974,0.184142037,4.21875,female
0.1863085,0.042347965,0.178274605,0.044228433,3.434259735,18.67650346,0.171130012,0.1863085,8.0390625,female
0.191055166,0.036377491,0.179898219,0.052010178,3.024759836,13.86349033,0.164223919,0.191055166,7.2421875,female
0.193508,0.033231247,0.19587057,0.036671803,2.838681536,12.82605828,0.202342065,0.193508,10.640625,female
0.187506064,0.033577874,0.187789474,0.031578947,2.755335739,11.46409578,0.190315789,0.187506064,11.578125,female
0.177098438,0.033985036,0.17206951,0.026540284,2.988372214,12.4115693,0.167203791,0.177098438,7.359375,female
0.185578892,0.040186007,0.177271523,0.038569536,2.915659475,12.09591026,0.177271523,0.185578892,11.484375,female
0.185635395,0.041935656,0.173206198,0.041716329,4.551163163,29.04760872,0.162526818,0.185635395,8.109375,female
0.190492533,0.034786015,0.181631579,0.048263158,2.382862607,9.050107994,0.180526316,0.190492533,7.1484375,female
0.187395541,0.044700263,0.185597964,0.034910941,2.454543562,9.671797586,0.174198473,0.187395541,6.5859375,female
0.202353577,0.035542655,0.205849802,0.055335968,1.753197595,5.26478777,0.235177866,0.202353577,3.8203125,female
0.184061634,0.040805986,0.173429812,0.038900145,3.807410374,20.0342729,0.170188133,0.184061634,4.1015625,female
0.181589692,0.032103213,0.175877437,0.022228412,3.394448224,15.05546567,0.175097493,0.181589692,8.7890625,female
0.201903799,0.036923337,0.196107554,0.046248399,2.20944935,7.935223587,0.180691421,0.201903799,11.5078125,female
0.188179187,0.033250895,0.184742268,0.034278351,2.010041452,6.229867471,0.177525773,0.188179187,10.8046875,female
0.187283512,0.035719189,0.183171806,0.046563877,2.593961539,10.9387674,0.161894273,0.187283512,10.3125,female
0.176410081,0.032358143,0.17196347,0.029406393,2.717530568,11.08511846,0.15630137,0.176410081,11.625,female
0.193523363,0.038389466,0.200041841,0.053598326,1.752535126,5.537598358,0.153179916,0.193523363,9.140625,female
0.188522388,0.034891291,0.18367688,0.042506964,2.47939319,10.25016968,0.162228412,0.188522388,9.3984375,female
0.184762134,0.034018272,0.181464968,0.03477707,2.156124837,7.127315355,0.172993631,0.184762134,10.9453125,female
0.193174533,0.04108471,0.184850843,0.057380026,2.474982897,10.44190438,0.174319066,0.193174533,7.9921875,female
0.185827215,0.03509635,0.180990099,0.03009901,2.766888403,10.46483914,0.182178218,0.185827215,3.75,female
0.184799701,0.037040603,0.184954128,0.02911315,3.28431254,16.00143573,0.190091743,0.184799701,11.15625,female
0.187615753,0.036183078,0.1802849,0.041880342,3.054921598,15.76011328,0.168717949,0.187615753,9.1875,female
0.188623997,0.038734105,0.183567036,0.043050431,1.995435586,6.648678163,0.175301353,0.188623997,7.2421875,female
0.194910192,0.044559548,0.189724138,0.061310345,2.700975436,12.3434649,0.168,0.194910192,9.046875,female
0.19359881,0.034550251,0.188452174,0.025321739,3.520891384,17.32558381,0.182608696,0.19359881,8.484375,female
0.181329791,0.044457266,0.169239281,0.046473029,3.538380947,18.03142876,0.162268326,0.181329791,10.640625,female
0.190043867,0.040268309,0.184090339,0.038644918,3.027007683,14.65315471,0.174604768,0.190043867,10.1015625,female
0.196426044,0.035256289,0.193617021,0.047659574,1.974331106,7.05869206,0.169787234,0.196426044,3.2109375,female
0.184188485,0.043292281,0.175376344,0.047043011,2.407694152,9.043703699,0.167849462,0.184188485,8.3671875,female
0.191454714,0.037625332,0.19155624,0.045300462,1.610862413,4.72398124,0.179476117,0.191454714,9,female
0.186229971,0.032530249,0.17877551,0.038367347,3.761458602,22.19860145,0.173061224,0.186229971,9.9140625,female
0.185092628,0.03562072,0.177007481,0.041546135,3.487114352,20.37624142,0.170374065,0.185092628,15.0703125,female
0.189449863,0.042000464,0.180470263,0.053443983,2.385795706,9.083661283,0.178921162,0.189449863,12.5625,female
0.1886873,0.042357375,0.1792,0.053096296,2.640277253,11.25931578,0.168,0.1886873,9.1171875,female
0.193594779,0.036753455,0.192560276,0.06043628,1.505201182,4.321013167,0.159448909,0.193594779,9.2109375,female
0.182167618,0.037331527,0.171089109,0.058217822,2.864531978,12.82919072,0.167920792,0.182167618,10.7109375,female
0.213625895,0.046308532,0.222068966,0.081191223,1.477635527,4.609920353,0.16369906,0.213625895,9.2109375,female
0.180433057,0.032401422,0.175744681,0.044184397,2.326817833,8.49368696,0.156879433,0.180433057,8.015625,female
0.185328324,0.037949063,0.178677043,0.031595331,3.278816112,15.23222875,0.177224384,0.185328324,9.3046875,female
0.184026429,0.037446447,0.177006369,0.044140127,2.470380149,9.688065339,0.160955414,0.184026429,8.1328125,female
0.18422428,0.031478604,0.182933333,0.035674074,2.28041019,7.918199173,0.181688889,0.18422428,5.34375,female
0.237416787,0.027851328,0.239101124,0.020449438,2.97048079,12.67575356,0.23988764,0.237416787,9.5625,female
0.232943235,0.034495472,0.236161616,0.028989899,2.266625611,7.356783841,0.247828283,0.232943235,8.484375,female
0.234240224,0.029158317,0.234896907,0.029226804,2.399104152,8.894689071,0.229123711,0.234240224,8.625,female
0.221881519,0.048764839,0.228118812,0.028118812,3.311550855,16.02643688,0.225346535,0.221881519,11.203125,female
0.230886645,0.040738844,0.232738854,0.030764331,3.336594262,16.1860956,0.224267516,0.230886645,10.4296875,female
0.231964475,0.030667062,0.2317934,0.026111908,2.774649784,10.96522432,0.221750359,0.231964475,10.1953125,female
0.22569798,0.035251117,0.228681672,0.022508039,3.572960651,18.56488583,0.228231511,0.22569798,7.7578125,female
0.231343231,0.029295733,0.227883212,0.027591241,2.64427259,9.934499515,0.224817518,0.231343231,19.21875,female
0.229057186,0.030691324,0.230268657,0.02841791,2.374374032,8.034739406,0.216895522,0.229057186,11.953125,female
0.223205585,0.027143501,0.223265793,0.020023838,2.958473005,11.56816636,0.223265793,0.223205585,12,female
0.231010854,0.036676306,0.236326531,0.028571429,3.504491716,19.7205703,0.234285714,0.231010854,6.84375,female
0.2358209,0.02985539,0.233959732,0.026778523,2.373289833,8.112375246,0.227852349,0.2358209,7.1953125,female
0.231453669,0.035458289,0.233461538,0.036538462,1.944636608,6.556356009,0.216923077,0.231453669,6.6328125,female
0.232098118,0.03650477,0.232669826,0.032290679,2.784362819,12.04567581,0.230015798,0.232098118,10.640625,female
0.230718823,0.035919023,0.238135048,0.028360129,2.431037312,8.961989353,0.243536977,0.230718823,9.6328125,female
0.229766112,0.031807402,0.22826087,0.029565217,3.046126849,13.78377928,0.216521739,0.229766112,8.2265625,female
0.224950722,0.033426529,0.22306525,0.027617602,5.520475806,44.78980766,0.215842185,0.224950722,7.171875,female
0.236146783,0.028310298,0.238320611,0.027073791,2.418112137,8.649972347,0.235826972,0.236146783,9.328125,female
0.231686187,0.034686565,0.236417034,0.025903084,2.607937569,9.611868808,0.236417034,0.231686187,8.0390625,female
0.229661337,0.030095989,0.23125136,0.018585419,3.371422074,15.08240787,0.230337323,0.229661337,6.984375,female
0.241433645,0.030187814,0.244230769,0.020384615,3.146742682,14.19533609,0.244230769,0.241433645,6.421875,female
0.238103225,0.033586239,0.242173275,0.025491924,2.441503213,8.701876837,0.231071953,0.238103225,10.828125,female
0.237496811,0.030858541,0.240694645,0.02431259,2.920371018,11.66256048,0.232185239,0.237496811,8.6953125,female
0.231732498,0.025500206,0.231832797,0.018006431,3.793281499,19.90070337,0.231832797,0.231732498,6.421875,female
0.233867118,0.038921859,0.241801325,0.026331126,2.670548702,9.866749698,0.242543046,0.233867118,6.515625,female
0.23756833,0.03100774,0.239576159,0.030781457,2.542152997,9.444822418,0.229192053,0.23756833,8.8828125,female
0.232781461,0.029592142,0.233333333,0.023333333,3.475145277,17.44368863,0.226470588,0.232781461,5.15625,female
0.233097836,0.036174387,0.238130841,0.024299065,3.166332565,14.53741194,0.240747664,0.233097836,7.640625,female
0.226397258,0.035736698,0.229933775,0.018172185,3.862401666,19.68048327,0.228821192,0.226397258,8.390625,female
0.236347597,0.030660699,0.237795786,0.024959481,2.581583731,9.838809653,0.22917342,0.236347597,8.2265625,female
0.243272142,0.030836707,0.246143791,0.026535948,2.665062717,9.775309699,0.237908497,0.243272142,4.96875,female
0.230687452,0.030193126,0.230793651,0.024761905,3.143798787,14.33068378,0.221269841,0.230687452,9.140625,female
0.227052024,0.032777816,0.226903704,0.027377778,3.675553443,22.63701513,0.215703704,0.227052024,5.25,female
0.233010718,0.036847826,0.23379085,0.034313725,2.841943489,12.97693217,0.225555556,0.233010718,12.0703125,female
0.228311553,0.032356954,0.228623853,0.025688073,3.182728049,14.72591034,0.219204893,0.228311553,11.3671875,female
0.229717967,0.03838037,0.232535613,0.023133903,3.491905324,18.09059969,0.227350427,0.229717967,11.2265625,female
0.233652026,0.032379797,0.234029851,0.026328358,2.91033735,12.0499142,0.234029851,0.233652026,10.3359375,female
0.233301191,0.031794977,0.23399684,0.024770932,2.829133057,11.59342014,0.224707741,0.233301191,11.0390625,female
0.230967291,0.030928196,0.23420373,0.020487805,2.932979341,11.8459781,0.238622669,0.230967291,12,female
0.218758458,0.037822908,0.221782178,0.017821782,4.954631559,34.04558943,0.218217822,0.218758458,6.2578125,female
0.229889279,0.041729751,0.234402036,0.026361323,3.203322298,15.14244398,0.230839695,0.229889279,5.8828125,female
0.22469818,0.033297582,0.22641651,0.019962477,3.12829455,13.75671511,0.221688555,0.22469818,8.25,female
0.243528037,0.02737597,0.248505393,0.02459168,2.822300279,12.08895903,0.254545455,0.243528037,9.84375,female
0.235350675,0.03032023,0.238130841,0.022429907,2.720111781,10.39511305,0.230654206,0.235350675,11.8359375,female
0.231767655,0.038282321,0.236157895,0.021736842,3.730854262,20.2598402,0.235421053,0.231767655,9.8671875,female
0.227112429,0.03331947,0.229968652,0.020626959,3.261743316,14.58250446,0.227774295,0.227112429,20.8359375,female
0.23918175,0.031724641,0.243034901,0.031441578,1.96206812,5.930571865,0.23198786,0.23918175,9.234375,female
0.239820106,0.029519022,0.241946309,0.032885906,2.015624831,6.109073104,0.223624161,0.239820106,4.265625,female
0.227305907,0.031153808,0.229052632,0.018947368,4.994138686,35.93723095,0.227368421,0.227305907,9.65625,female
0.233744215,0.029424284,0.237921348,0.023595506,2.893057627,11.45207101,0.245786517,0.233744215,11.2265625,female
0.23448178,0.037640189,0.24,0.019813084,3.817448145,21.15766306,0.237009346,0.23448178,11.5546875,female
0.235183452,0.036335024,0.24,0.030654206,2.372057988,8.529318266,0.238130841,0.235183452,5.9765625,female
0.236364734,0.030406714,0.237603993,0.028885191,2.212122999,7.978661045,0.233410982,0.236364734,10.8046875,female
0.231595459,0.031544989,0.232776119,0.026746269,2.36764325,8.606402878,0.236119403,0.231595459,2.953125,female
0.230144274,0.033577327,0.231368421,0.023578947,3.413690951,17.89710352,0.229157895,0.230144274,8.4140625,female
0.226241136,0.028670539,0.224702194,0.025015674,3.411224221,16.04445657,0.216802508,0.226241136,9.3046875,female
0.233061951,0.030992758,0.235463347,0.039502075,2.01211112,6.012927138,0.218810512,0.233061951,9.5859375,female
0.230125554,0.02930706,0.233775372,0.017428958,3.317625015,14.20164284,0.234154263,0.230125554,11.71875,female
0.23433555,0.028435595,0.236420233,0.027600519,2.341406866,8.063842608,0.229883268,0.23433555,9.4921875,female
0.234485977,0.034413499,0.240764331,0.028535032,2.352412122,8.151318678,0.24433121,0.234485977,8.7421875,female
0.212329591,0.039209898,0.212297064,0.030466321,2.308645346,8.10150548,0.204559585,0.212329591,11.4140625,female
0.219597195,0.040985666,0.21955095,0.056096718,1.502701101,4.406478325,0.206977547,0.219597195,5.9296875,female
0.214555863,0.038113324,0.214588235,0.048941176,2.848605715,13.56713351,0.216,0.214555863,8.671875,female
0.208305247,0.043927558,0.210193906,0.036066482,3.896396746,23.16222832,0.211357341,0.208305247,6.5859375,female
0.213144697,0.039535844,0.215072464,0.047793881,1.98402823,6.69666811,0.192077295,0.213144697,8.296875,female
0.209864846,0.037842445,0.212121212,0.038851675,1.562059062,4.46227215,0.209888357,0.209864846,5.5546875,female
0.20933155,0.037362157,0.207891566,0.047650602,2.456891676,9.214673473,0.19186747,0.20933155,7.5,female
0.204821501,0.035735235,0.20475,0.035,2.66764599,11.5090583,0.20475,0.204821501,4.4296875,female
0.217675355,0.037548646,0.217727273,0.041818182,1.82434544,5.547079732,0.240454545,0.217675355,4.6171875,female
0.214522596,0.042894121,0.221155867,0.050998249,1.864774499,5.797639642,0.24469352,0.214522596,4.921875,female
0.200142415,0.039317273,0.204246575,0.025890411,2.681419339,10.07016513,0.200410959,0.200142415,9.890625,female
0.207665201,0.034410775,0.208058394,0.04659854,2.426440582,9.466254165,0.183124088,0.207665201,4.734375,female
0.206233015,0.04009917,0.197469136,0.051419753,3.971251412,23.24680174,0.192283951,0.206233015,4.125,female
0.210378654,0.04454222,0.207963247,0.060030628,2.092086405,8.047210218,0.187810107,0.210378654,8.765625,female
0.216621254,0.042227757,0.228923885,0.038582677,3.610851702,20.50661997,0.235538058,0.216621254,9.890625,female
0.215884644,0.036996186,0.219712919,0.03215311,2.325421346,7.906365062,0.230877193,0.215884644,6.1875,female
0.213498294,0.039140896,0.21380035,0.033835377,2.258080268,8.130365425,0.199579685,0.213498294,3.75,female
0.218562879,0.037257611,0.22132879,0.046746167,1.322706816,3.390099525,0.216081772,0.218562879,5.578125,female
0.201498854,0.036105514,0.2,0.029647059,2.903027411,11.25875828,0.186823529,0.201498854,5.203125,female
0.215446567,0.041218548,0.214230769,0.055,2.18223618,9.9012513,0.195384615,0.215446567,9.046875,female
0.21066062,0.033953625,0.211269177,0.046080893,1.6861392,5.061896585,0.196039052,0.21066062,7.078125,female
0.21105379,0.040258383,0.216034483,0.032586207,2.242621697,7.855035084,0.217241379,0.21105379,14.625,female
0.209199092,0.041990431,0.20987013,0.043116883,2.046064275,6.9077905,0.205194805,0.209199092,6.8203125,female
0.209167732,0.043454095,0.213612273,0.048814505,1.900612034,6.776004505,0.210097629,0.209167732,8.1328125,female
0.213308529,0.041785151,0.22,0.042692308,2.21811283,8.374674325,0.203461538,0.213308529,6.3515625,female
0.211979382,0.043073094,0.215986038,0.050820244,1.419350718,4.028251485,0.239441536,0.211979382,10.1484375,female
0.208815301,0.038978815,0.209896296,0.03277037,2.654049772,10.44037287,0.197451852,0.208815301,8.8359375,female
0.205611475,0.038845066,0.203846154,0.043846154,2.098578158,7.265394763,0.192692308,0.205611475,8.859375,female
0.20206818,0.036540343,0.201694915,0.037288136,2.383516207,8.641629871,0.22,0.20206818,9.3046875,female
0.210082163,0.042386481,0.212615845,0.045620329,1.686742349,5.62569728,0.192944694,0.210082163,8.296875,female
0.208788412,0.039870616,0.200609756,0.051646341,2.429290123,10.29360195,0.195060976,0.208788412,7.1015625,female
0.204749912,0.037008109,0.210096552,0.036303448,2.793757827,11.23717577,0.192717241,0.204749912,5.953125,female
0.199078906,0.039215117,0.201004431,0.037223043,2.685168068,11.55360747,0.186528804,0.199078906,9.2578125,female
0.212140714,0.043329139,0.212018209,0.050136571,1.604483091,5.042736533,0.206494689,0.212140714,7.59375,female
0.214283821,0.042744181,0.220824742,0.049072165,1.41563115,3.762404547,0.237783505,0.214283821,11.1796875,female
0.210882506,0.042352953,0.215691869,0.047532097,1.61417935,5.144703262,0.216490728,0.210882506,17.296875,female
0.214413894,0.058021357,0.226703448,0.056386207,1.722984806,5.337870375,0.259144828,0.214413894,5.484375,female
0.207049945,0.039536642,0.205663717,0.047575221,2.162508348,8.209181592,0.187823009,0.207049945,8.6953125,female
0.210395289,0.046676765,0.211153846,0.047307692,1.999142674,7.018808431,0.199615385,0.210395289,5.71875,female
0.214594349,0.041534962,0.219947368,0.039052632,1.957624742,6.401810754,0.203736842,0.214594349,7.5234375,female
0.211271213,0.045565771,0.215223881,0.038656716,1.686212018,5.222238072,0.213134328,0.211271213,5.2734375,female
0.202932131,0.038613605,0.204235294,0.037470588,2.313741954,8.663059407,0.187352941,0.202932131,5.390625,female
0.212578362,0.039312969,0.210781499,0.052248804,2.591565961,11.74678673,0.194258373,0.212578362,10.6875,female
0.231192665,0.037091703,0.235671343,0.030861723,2.46753912,9.65753016,0.233426854,0.231192665,5.1328125,female
0.217736973,0.04128573,0.224667802,0.042453152,2.188121284,7.582704099,0.228960818,0.217736973,4.4765625,female
0.221780125,0.039591133,0.221347905,0.058652095,1.372587985,3.691284909,0.185136612,0.221780125,5.34375,female
0.216755536,0.041038126,0.220068493,0.048424658,2.270900518,8.418956939,0.195616438,0.216755536,11.7890625,female
0.195595101,0.061249985,0.212464789,0.039929577,4.281047254,25.42744044,0.217887324,0.195595101,8.1328125,female
0.206082608,0.03475859,0.197590361,0.038072289,4.002841469,23.98171012,0.192771084,0.206082608,1.3828125,female
0.21211966,0.042586222,0.210479452,0.05609589,2.132101833,8.132411783,0.185068493,0.21211966,7.21875,female
0.218444565,0.039912414,0.223716216,0.043040541,2.233916011,7.208958416,0.246418919,0.218444565,5.2265625,female
0.231190544,0.030978052,0.2340625,0.034453125,1.773382907,5.099258189,0.243359375,0.231190544,3.984375,female
0.206534481,0.039592158,0.20381982,0.039351351,3.106140945,16.01059016,0.190198198,0.206534481,8.15625,female
0.206353485,0.039582484,0.203895349,0.042325581,2.651034236,11.89934512,0.199825581,0.206353485,17.3203125,female
0.227335359,0.033010964,0.236,0.031,3.222078521,15.06428022,0.237,0.227335359,8.6015625,female
0.221791813,0.039241245,0.22807418,0.047532097,1.862881711,6.10038346,0.194921541,0.221791813,9.1171875,female
0.22123949,0.036979697,0.226382979,0.041702128,1.907322086,6.739610954,0.233256956,0.22123949,18.8203125,female
0.216632076,0.042032997,0.217922481,0.027782946,3.092630934,14.15637598,0.21227907,0.216632076,8.9296875,female
0.224902136,0.037558504,0.221434263,0.046294821,2.440143206,9.653730556,0.208605578,0.224902136,5.8359375,female
0.226824492,0.037871424,0.2288,0.052266667,1.9928679,7.164018083,0.202133333,0.226824492,9.5859375,female
0.192547293,0.065155034,0.199926199,0.075682657,1.402434818,5.090193299,0.190369004,0.192547293,4,female
0.1733723,0.073989232,0.190638298,0.097180851,1.908470872,7.353244756,0.062367021,0.1733723,1.0625,female
0.148297195,0.07649604,0.171785095,0.140727903,2.304237394,9.757130678,0.010918544,0.148297195,5.71875,female
0.182471413,0.065417009,0.203229605,0.060521447,2.97206836,14.58717131,0.215004205,0.182471413,5.15625,female
0.182597296,0.064731877,0.192374901,0.063161239,2.610892518,11.45215818,0.187926926,0.182597296,2.09375,female
0.181791209,0.065043874,0.194462002,0.065733634,1.692446585,5.987151982,0.188773514,0.181791209,4.5625,female
0.186687312,0.051522545,0.196925827,0.03002681,3.822035219,19.07161335,0.197426273,0.186687312,4.9140625,female
0.176745787,0.066280694,0.188940678,0.056949153,2.466301928,9.934779998,0.185084746,0.176745787,5.1875,female
0.164252751,0.061507478,0.178439547,0.047695057,3.112820902,22.74653701,0,0.164252751,1.0625,female
0.180373734,0.065184164,0.190067265,0.083497758,2.984362278,29.17288175,0,0.180373734,0.59375,female
0.168980689,0.070064793,0.191755319,0.07018617,3.055191347,26.81096399,0,0.168980689,0.453125,female
0.161249762,0.06290861,0.1676951,0.056914701,2.883854773,19.53775592,0,0.161249762,6.5078125,female
0.1564516,0.063942481,0.161854714,0.062967543,4.115398503,45.29608153,0,0.1564516,2.0625,female
0.159796975,0.068731785,0.164830805,0.080373396,5.12392635,75.56901284,0,0.159796975,0.359375,female
0.157165092,0.067953223,0.169358752,0.077885615,3.669079333,36.72237729,0,0.157165092,0.2109375,female
0.168690984,0.067690519,0.178293755,0.060580475,2.744560309,18.34937839,0,0.168690984,1.0390625,female
0.177761358,0.061023812,0.189946397,0.061036331,1.869290864,8.167357214,0,0.177761358,0.59375,female
0.187892751,0.033067231,0.187917784,0.034030384,2.222897566,7.463419503,0.193172475,0.187892751,3.75,female
0.205945294,0.036712371,0.204132554,0.053671215,1.49278874,4.796759063,0.195217674,0.205945294,5.015625,female
0.190773308,0.036379683,0.185065752,0.043384791,2.427893882,10.1330928,0.173058891,0.190773308,6.328125,female
0.19291087,0.036370754,0.190224643,0.061565691,2.137094705,7.684012986,0.16182437,0.19291087,0.6796875,female
0.221302377,0.038196783,0.227956266,0.054869638,2.51942833,11.30589173,0.231488646,0.221302377,4.9765625,female
0.185824479,0.034470354,0.182600408,0.041742682,2.213993635,7.63598717,0.158774677,0.185824479,4.8359375,female
0.202216429,0.035096342,0.203185841,0.042123894,1.901632242,6.287287565,0.191940095,0.202216429,6,female
0.207088517,0.040113394,0.213518198,0.056291161,1.594182285,5.237593832,0.223951473,0.207088517,4.375,female
0.197404292,0.030970032,0.198732132,0.039154755,2.292691519,8.944323729,0.196295836,0.197404292,3.3515625,female
0.180954171,0.037146465,0.175718475,0.036129032,2.837803849,11.9702225,0.162785924,0.180954171,5.9453125,female
0.167043881,0.06611151,0.168261377,0.060606768,3.780694328,30.46049444,0,0.167043881,0.5078125,female
0.157235618,0.058004165,0.163411148,0.040152454,3.79064394,27.75379698,0,0.157235618,2.1875,female
0.15268447,0.070929585,0.171256777,0.072449483,3.435276707,31.92677464,0,0.15268447,0.703125,female
0.179039816,0.064962356,0.189334799,0.081583288,2.177857974,14.88105348,0,0.179039816,0.234375,female
0.138869486,0.100841025,0.207242694,0.210622618,29.3507406,954.8915395,0,0.138869486,0.65625,female
0.134838246,0.100238556,0.202386576,0.205692977,29.96900001,989.2153227,0,0.134838246,0,female
0.132349846,0.092796296,0.150634495,0.179910634,25.11581144,693.7300909,0,0.132349846,0,female
0.121455902,0.0999992,0.159258114,0.207511592,27.29772122,813.0706342,0,0.121455902,0,female
0.13432471,0.09965683,0.198357588,0.205634096,33.16730036,1202.684552,0,0.13432471,0.8203125,female
0.172439503,0.060091877,0.171061093,0.064282958,2.419502746,10.56673723,0.163678457,0.172439503,1.391601563,female
0.176208003,0.062207561,0.169820836,0.084724618,2.013611703,8.081428137,0.158301261,0.176208003,3.291015625,female
0.173898441,0.062069003,0.168807339,0.082201835,2.078447792,8.688420978,0.059082569,0.173898441,1.235351563,female
0.16874112,0.055881045,0.171220447,0.052242812,2.163275537,8.285901644,0.171399361,0.16874112,1.166992188,female
0.171986256,0.053923985,0.172335484,0.047870968,3.104259896,16.51482041,0.163122581,0.171986256,3.793945313,female
0.179266248,0.061599368,0.173228139,0.089283366,1.398124784,4.487332413,0.145430638,0.179266248,3.408203125,female
0.176609384,0.053990199,0.181474531,0.050857909,1.856983479,6.177741764,0.157453083,0.176609384,3.217773438,female
0.179049873,0.057881086,0.184926764,0.060213049,1.546881938,5.169083119,0.200213049,0.179049873,3.881835938,female
0.16656152,0.057375962,0.159472643,0.053711272,3.008208998,13.79785322,0.159841793,0.16656152,1.357421875,female
0.174173273,0.06518358,0.158519534,0.090006854,2.915623146,14.49705319,0.151034955,0.174173273,3.491210938,female
0.17342767,0.064062449,0.160396776,0.088704278,2.839629447,13.56766564,0.156404216,0.17342767,3.80859375,female
0.170398548,0.058783699,0.163681592,0.059726368,2.538695482,10.0736457,0.162462687,0.170398548,3.740234375,female
0.1646239,0.050922476,0.163169329,0.042223642,3.624943934,21.13736862,0.158696486,0.1646239,3.432617188,female
0.180879713,0.056530668,0.183861055,0.063406814,1.612931333,5.749228556,0.159545758,0.180879713,3.315429688,female
0.176861856,0.057037368,0.179082569,0.059082569,1.666722836,5.661164626,0.18293578,0.176861856,3.071289063,female
0.175052299,0.054395527,0.175093834,0.048981233,2.287968621,9.453142263,0.170965147,0.175052299,3.2421875,female
0.170190098,0.059224427,0.161058965,0.066209386,2.840124905,12.49846727,0.162406739,0.170190098,1.357421875,female
0.179392258,0.058349045,0.175952223,0.072090246,1.652666401,6.209452131,0.158115461,0.179392258,1.259765625,female
0.168136269,0.060432008,0.170221923,0.060632145,4.847925045,51.20495643,0.059125757,0.168136269,1.313476563,female
0.16994319,0.05595476,0.168711111,0.045333333,2.771377361,11.63245166,0.162311111,0.16994319,1.3671875,female
0.173242103,0.063122206,0.15866088,0.082455053,2.799001282,12.88639475,0.146509609,0.173242103,3.857421875,female
0.172076791,0.062269213,0.161911357,0.078144044,2.550721168,12.9949135,0.058753463,0.172076791,3.696289063,female
0.179889196,0.067809807,0.163095723,0.109680923,2.106747757,8.030295712,0.156252546,0.179889196,3.955078125,female
0.177195443,0.067669086,0.162105263,0.108516746,2.270382829,9.041124123,0.146794258,0.177195443,3.881835938,female
0.17837518,0.060787688,0.16962963,0.07962963,1.878044185,6.475669285,0.278518519,0.17837518,1.274414063,female
0.180848857,0.061373099,0.169343434,0.084141414,2.558539314,10.83194919,0.163510101,0.180848857,3.715820313,female
0.176195335,0.057774366,0.170241546,0.063768116,2.413911395,9.688505482,0.170048309,0.176195335,1.4453125,female
0.177797924,0.057076088,0.173780161,0.054048257,2.929482472,12.80146768,0.171715818,0.177797924,3.525390625,female
0.173525518,0.054533765,0.1696,0.050133333,2.668984133,11.26937396,0.1584,0.173525518,1.333007813,female
0.169198882,0.065661026,0.160159257,0.081380226,3.651525361,28.82107432,0.059084273,0.169198882,1.337890625,female
0.169465911,0.060805776,0.167030626,0.063009321,5.240881684,60.64201201,0.059094541,0.169465911,1.38671875,female
0.171662378,0.051638882,0.173928096,0.039707057,2.999303094,14.06432268,0.176351531,0.171662378,2.939453125,female
0.169204466,0.056042567,0.168379544,0.052791128,1.971303648,6.824671484,0.156820702,0.169204466,3.461914063,female
0.170500169,0.058325337,0.174411384,0.054877102,2.029349476,7.203297445,0.144346701,0.170500169,3.73046875,female
0.167382343,0.056549604,0.166284953,0.052197071,2.066126534,7.853982638,0.157150466,0.167382343,1.235351563,female
0.172461065,0.059257759,0.174509018,0.061162325,1.672169944,5.770758231,0.163660655,0.172461065,3.505859375,female
0.173861302,0.059808629,0.167400881,0.067488987,2.712351062,14.90620108,0.158237885,0.173861302,1.137695313,female
0.177655417,0.060748126,0.172141479,0.080308682,1.944091877,7.979973696,0.159536977,0.177655417,1.264648438,female
0.174179819,0.055364091,0.173569482,0.057411444,1.630761442,5.46821672,0.17986376,0.174179819,3.662109375,female
0.166422105,0.052697985,0.166965699,0.041187335,3.271181537,16.14076113,0.158654354,0.166422105,3.837890625,female
0.173183639,0.053766351,0.174956737,0.048454883,2.055535009,7.698676733,0.180321384,0.173183639,3.798828125,female
0.172260377,0.061117903,0.167037037,0.071666667,2.226553853,8.718907125,0.058703704,0.172260377,1.430664063,female
0.177547911,0.064796664,0.168178344,0.096305732,1.506237516,5.026300112,0.146063694,0.177547911,3.959960938,female
0.172729707,0.063846471,0.167575758,0.082550505,2.148557398,8.959009871,0.145656566,0.172729707,1.352539063,female
0.172704126,0.051597298,0.174773609,0.047813713,2.528992119,11.8593796,0.160284605,0.172704126,3.88671875,female
0.174672402,0.059903052,0.175818303,0.063219773,3.102349876,28.35002612,0.058917836,0.174672402,3.920898438,female
0.170904281,0.063667143,0.172077488,0.070888444,7.771612889,129.8537945,0.059104876,0.170904281,3.813476563,female
0.172119568,0.056127459,0.17396129,0.053651613,1.838863743,6.316323817,0.158787097,0.172119568,1.196289063,female
0.17405192,0.058606714,0.169800643,0.063382637,2.480105421,9.97911057,0.171241158,0.17405192,3.994140625,female
0.175361287,0.065615589,0.164980027,0.092276964,2.142421424,9.01446062,0.158828229,0.175361287,3.30078125,female
0.173037855,0.063109271,0.165428376,0.0829061,2.828893111,14.76365245,0.163701165,0.173037855,3.803710938,female
0.170781834,0.057841825,0.173536828,0.048493696,2.714786055,11.35869366,0.175209025,0.170781834,3.432617188,female
0.189334115,0.042641204,0.193545817,0.016733068,4.316061873,24.33451953,0.195219124,0.189334115,0.590820313,female
0.197148103,0.041790644,0.204032358,0.019166148,3.558074446,15.80568356,0.205252022,0.197148103,0.620117188,female
0.205176521,0.046888899,0.212767442,0.023116279,3.695066631,18.90390996,0.210325581,0.205176521,0.825195313,female
0.210029435,0.049631288,0.222348178,0.021700405,3.369737275,15.0200669,0.221052632,0.210029435,0.64453125,female
0.196623439,0.039683394,0.199588759,0.024948595,3.218400723,14.26645147,0.200164496,0.196623439,3.45703125,female
0.202836708,0.040050075,0.207027027,0.027927928,3.092712486,13.64550031,0.193513514,0.202836708,3.69140625,female
0.201203572,0.042216812,0.20653211,0.022434251,3.600065152,18.09186776,0.204819572,0.201203572,3.676757813,female
0.216258075,0.049945627,0.225874207,0.033444893,2.224881573,7.269165494,0.22118869,0.216258075,3.779296875,female
0.193888966,0.041656349,0.197947333,0.014557731,4.384210637,24.55043876,0.196434841,0.193888966,0.581054688,female
0.193070343,0.039391484,0.196268371,0.02057508,3.55625696,16.64752767,0.196805112,0.193070343,0.5859375,female
0.207916135,0.043255802,0.215011933,0.02522673,3.127991259,13.00114549,0.204486874,0.207916135,0.64453125,female
0.209003648,0.043100122,0.210294648,0.030980156,3.130435368,14.42911883,0.208274203,0.209003648,0.629882813,female
0.194306326,0.041036966,0.197438424,0.021674877,4.822886303,31.77871656,0.191527094,0.194306326,1.03515625,female
0.202860506,0.040071738,0.210312699,0.023586471,3.161425492,13.65025222,0.196553925,0.202860506,1.416015625,female
0.199042986,0.042386507,0.202752741,0.027965895,3.531918119,18.92713841,0.194226553,0.199042986,1.284179688,female
0.217799975,0.045799148,0.22426384,0.038256773,2.175077647,7.668994262,0.232673734,0.217799975,0.610351563,female
0.184984087,0.039843977,0.18473029,0.01549101,5.83812143,43.81432526,0.1806639,0.184984087,0.5859375,female
0.198857768,0.040789605,0.204869565,0.024521739,3.406435349,15.78027639,0.188521739,0.198857768,0.654296875,female
0.21124792,0.046846543,0.218266434,0.025247237,3.344701693,16.71308619,0.213868528,0.21124792,0.581054688,female
0.2104984,0.047339294,0.218028818,0.026951009,4.030984798,24.99403278,0.217544669,0.2104984,0.678710938,female
0.178193999,0.04288014,0.180881543,0.023333333,3.700942935,18.07002913,0.167190083,0.178193999,0.571289063,female
0.192281047,0.041969956,0.197155556,0.015111111,3.919928075,18.89031914,0.191466667,0.192281047,0.595703125,female
0.206107101,0.042296009,0.210754491,0.031185629,2.645896669,10.09433967,0.199353293,0.206107101,0.854492188,female
0.209337467,0.045684066,0.216097561,0.022601626,4.08195407,23.64331012,0.216260163,0.209337467,0.634765625,female
0.192486881,0.039217801,0.197374005,0.017082228,3.878708475,20.13978662,0.199045093,0.192486881,0.615234375,female
0.206474196,0.036386519,0.211982379,0.033832599,2.785812673,10.61469093,0.231189427,0.206474196,0.600585938,female
0.209656214,0.042991082,0.216214953,0.018154206,3.846723314,20.02618038,0.214742991,0.209656214,0.625,female
0.229854476,0.041509037,0.237416324,0.046529654,2.019106289,7.152700333,0.259776864,0.229854476,0.615234375,female
0.19535984,0.040509729,0.200210112,0.018017072,3.761812165,18.99822772,0.197268549,0.19535984,0.732421875,female
0.205074383,0.035034644,0.208795411,0.021236456,3.46773791,17.07707544,0.207546208,0.205074383,0.634765625,female
0.212271472,0.037770192,0.21563981,0.020900474,3.713131475,18.89627473,0.215473934,0.212271472,0.629882813,female
0.208893602,0.040650652,0.210625,0.0278125,3.273968634,15.9477549,0.20734375,0.208893602,0.68359375,female
0.185940217,0.042808291,0.193637621,0.020719225,3.660705931,17.41993859,0.200414938,0.185940217,0.5859375,female
0.198637527,0.050099055,0.209653465,0.037945545,2.331878892,8.676300814,0.215891089,0.198637527,0.8203125,female
0.195145685,0.045034619,0.202031824,0.025532436,3.107891096,13.40535357,0.192264382,0.195145685,0.590820313,female
0.217378344,0.053696065,0.22977286,0.040768783,2.366548853,9.160316778,0.207594642,0.217378344,0.756835938,female
0.197523357,0.045665864,0.203902439,0.019317073,3.782025692,18.26013103,0.198634146,0.197523357,0.620117188,female
0.193757149,0.047777833,0.204768041,0.021649485,3.244228264,13.97157958,0.210721649,0.193757149,0.64453125,female
0.196158955,0.04434865,0.202956522,0.023652174,3.466937684,17.39055725,0.204869565,0.196158955,0.625,female
0.223723844,0.052216978,0.235454545,0.036339713,2.400244907,9.378720565,0.217870813,0.223723844,0.776367188,female
0.192752288,0.045596506,0.197940975,0.0205628,3.788676212,19.14781203,0.19813315,0.192752288,0.5859375,female
0.201243319,0.045285794,0.209043478,0.027130435,3.000145118,12.82905908,0.212347826,0.201243319,0.654296875,female
0.200066259,0.044351362,0.206934307,0.022481752,3.301748225,14.87014604,0.203868613,0.200066259,0.625,female
0.21978716,0.052326714,0.229518841,0.039281159,1.976936303,6.735399852,0.214910145,0.21978716,0.893554688,female
0.197637611,0.040748079,0.1997045,0.023317663,4.720709309,32.10023799,0.195191404,0.197637611,0.795898438,female
0.205813435,0.042649687,0.213778047,0.030224378,2.679822689,10.05413528,0.220400243,0.205813435,0.668945313,female
0.187973152,0.044827768,0.195930521,0.020669975,3.957084817,21.57524057,0.18898263,0.187973152,0.776367188,female
0.209162508,0.044451182,0.216065574,0.035081967,2.302641218,8.114596108,0.212295082,0.209162508,0.678710938,female
0.18974869,0.041585802,0.193026052,0.022631931,3.499079517,16.44943829,0.19489646,0.18974869,0.600585938,female
0.199317114,0.040592707,0.202853629,0.029102091,2.743255504,10.89584913,0.190110701,0.199317114,0.60546875,female
0.194847675,0.044657541,0.201606817,0.029482654,3.049501695,13.70744513,0.204844796,0.194847675,0.634765625,female
0.212806221,0.045819917,0.216938416,0.030052786,3.237527491,15.93670476,0.213489736,0.212806221,0.68359375,female
0.162152344,0.057422211,0.166882793,0.032468828,6.793032129,57.6116371,0.165660848,0.162152344,0.791015625,female
0.162246938,0.058515922,0.16674359,0.036076923,6.987330453,60.84717654,0.165307692,0.162246938,0.825195313,female
0.15925081,0.059957355,0.167599219,0.036798959,7.404021622,72.41854632,0.167417046,0.15925081,0.581054688,female
0.165500593,0.057696813,0.172496863,0.031091593,5.959454426,50.48491839,0.171267252,0.165500593,3.461914063,female
0.158539556,0.057878343,0.16710828,0.033707006,5.875471328,49.0836352,0.166216561,0.158539556,3.520507813,female
0.155110263,0.05603082,0.164944116,0.027981591,5.925330974,48.26848429,0.163287311,0.155110263,3.354492188,female
0.163556552,0.053996047,0.169069624,0.026050524,5.677552178,43.69827114,0.169759704,0.163556552,3.481445313,female
0.160150247,0.057168133,0.166031949,0.027194888,5.239521275,35.71769908,0.162990415,0.160150247,3.681640625,female
0.161652754,0.057434735,0.170137672,0.025406758,6.968850188,60.96804657,0.171013767,0.161652754,3.80859375,female
0.164150259,0.054890472,0.168336673,0.023380094,6.686212411,58.94920372,0.166279225,0.164150259,3.442382813,female
0.161119887,0.055743743,0.168461051,0.025712476,7.487237525,72.42323894,0.166865104,0.161119887,3.583984375,female
0.157945981,0.055849603,0.166619079,0.021258923,5.832575346,44.54735542,0.167164179,0.157945981,3.764648438,female
0.16397663,0.054199482,0.173621347,0.021880559,6.613435472,61.4862116,0.172909784,0.16397663,0.01953125,female
0.161113749,0.053871428,0.170979883,0.020168722,5.600742413,42.2286173,0.170071382,0.161113749,0.15625,female
0.161155533,0.053654518,0.168729076,0.023261004,6.338457679,53.38648301,0.167513949,0.161155533,0.063476563,female
0.157410486,0.057644567,0.165428764,0.03006077,6.208873148,52.60159345,0.165239703,0.157410486,0.595703125,female
0.162167585,0.058125666,0.171253264,0.028146214,6.659939484,56.64814351,0.171801567,0.162167585,0.532226563,female
0.16381372,0.055455125,0.165957973,0.027861557,6.273792159,50.5196201,0.16578492,0.16381372,0.512695313,female
0.154163337,0.056212985,0.161123449,0.025421293,8.139121556,81.19187499,0.161489223,0.154163337,0.625,female
0.159099209,0.05971318,0.167354138,0.0378019,6.682500817,59.69253408,0.167544098,0.159099209,0.60546875,female
0.155964202,0.058991506,0.164256976,0.031070733,7.326797645,70.47495341,0.164256976,0.155964202,0.517578125,female
0.160722933,0.054053353,0.168226568,0.023978422,5.397800227,37.557905,0.165394471,0.160722933,0.522460938,female
0.161414457,0.058721152,0.168799481,0.032342635,6.983165384,62.01596296,0.168799481,0.161414457,0.649414063,female
0.161496104,0.058041653,0.173341869,0.024737516,5.978231063,46.68172301,0.174058899,0.161496104,0.68359375,female
0.168130903,0.053422924,0.169832999,0.032171009,5.516105211,38.67291189,0.168897796,0.168130903,0.17578125,female
0.16233609,0.05559449,0.168104738,0.027755611,7.151586058,68.54278819,0.165660848,0.16233609,0.2734375,female
0.16015518,0.053719981,0.166205128,0.019564103,5.625811459,42.88700724,0.163871795,0.16015518,0.17578125,female
0.163945656,0.054090696,0.170872751,0.021265823,8.484734815,94.07945057,0.169193871,0.163945656,0.0390625,female
0.158527251,0.057011594,0.165504587,0.026605505,7.971374577,83.84944482,0.165321101,0.158527251,0.043945313,female
0.166737617,0.05267745,0.169426752,0.026573248,7.550411851,76.13452631,0.167464968,0.166737617,0.053710938,female
0.16081668,0.055692533,0.164760026,0.031111111,7.035055898,67.10116891,0.162550953,0.16081668,0.043945313,female
0.157323854,0.05839815,0.171694696,0.034773609,5.168885693,39.64629455,0.171513583,0.157323854,0.6640625,female
0.164310868,0.053803364,0.173873874,0.01981982,4.928656441,32.09187455,0.173693694,0.164310868,0.678710938,female
0.159183719,0.057232986,0.170284302,0.02855377,7.021590519,63.54125635,0.170803461,0.159183719,0.390625,female
0.151818514,0.06028012,0.16510101,0.038535354,7.002630676,65.59295497,0.166338384,0.151818514,0.639648438,female
0.160953635,0.058047328,0.170126582,0.032831446,4.972795516,33.94640073,0.168074617,0.160953635,3.73046875,female
0.162708821,0.055139108,0.169410205,0.019668655,5.687924996,41.79372886,0.167369119,0.162708821,3.798828125,female
0.163728076,0.055456653,0.167458065,0.028180645,5.852807884,43.35070986,0.165290323,0.163728076,3.764648438,female
0.1622738,0.056416561,0.170529032,0.026012903,5.185356572,35.19051488,0.171251613,0.1622738,3.818359375,female
0.160761109,0.057657731,0.170143541,0.027177033,6.039073358,45.93391772,0.169569378,0.160761109,3.774414063,female
0.163120938,0.057343198,0.172696774,0.025832258,5.24116629,35.34273182,0.171793548,0.163120938,3.53515625,female
0.157325711,0.059300467,0.165828643,0.032920575,6.629490519,60.02363579,0.164252658,0.157325711,3.662109375,female
0.154647747,0.058722934,0.170628019,0.039806763,5.742237132,44.53385051,0.171980676,0.154647747,3.7890625,female
0.158369018,0.057188307,0.168073636,0.023931624,5.657859375,40.79593414,0.167153189,0.158369018,3.745117188,female
0.162061474,0.054479133,0.169076923,0.022076923,5.437866953,39.85338846,0.167282051,0.162061474,3.59375,female
0.158406438,0.056386765,0.166031949,0.030236422,7.258068707,70.85169879,0.165674121,0.158406438,0.024414063,female
0.160267623,0.056868161,0.169026549,0.026725664,5.279687423,35.93998247,0.167787611,0.160267623,0.64453125,female
0.16162899,0.055170648,0.165512737,0.028713259,7.13735202,70.2380136,0.164598302,0.16162899,0.5078125,female
0.1637182,0.056013807,0.165945274,0.036218905,6.686729542,61.25653866,0.16420398,0.1637182,0.639648438,female
0.163140494,0.053748567,0.167345879,0.027255029,7.724358662,85.52099875,0.167345879,0.163140494,0.01953125,female
0.20928496,0.035754736,0.208437055,0.049482185,1.856039342,6.939422299,0.193007126,0.20928496,8.290283203,female
0.214301349,0.040778562,0.210322041,0.063354245,1.333574191,4.167281506,0.20364701,0.214301349,7.407421875,female
0.216332054,0.039710649,0.217311535,0.062688465,1.280790127,3.845080348,0.204087193,0.216332054,7.5796875,female
0.211399572,0.034361573,0.209568925,0.049606821,1.878347309,6.598154726,0.202804358,0.211399572,8.311816406,female
0.223077359,0.03726989,0.230679612,0.052427184,1.615708331,4.969157522,0.207249191,0.223077359,8.376416016,female
0.207958855,0.039014738,0.203947488,0.057166139,1.636848789,5.85285711,0.203186962,0.207958855,8.764013672,female
0.217027262,0.03999951,0.215402394,0.066215435,1.150623733,3.355010032,0.205348741,0.217027262,8.850146484,female
0.202575245,0.034812063,0.202902326,0.036986047,3.395912167,18.09972465,0.204074419,0.202575245,20.34887695,female
0.20982249,0.038042578,0.209891135,0.059512701,1.687855656,5.921210943,0.238050804,0.20982249,7.92421875,female
0.212287516,0.03618303,0.209805633,0.043316144,2.346275761,10.42815595,0.20391908,0.212287516,8.26875,female
0.190512348,0.074727923,0.215462795,0.051324864,1.834782394,6.191566248,0.240871143,0.190512348,5.84375,female
0.206927544,0.070170228,0.233603977,0.04024855,2.685947795,11.96318736,0.245434963,0.206927544,6.7578125,female
0.182237848,0.076138329,0.206618357,0.094235105,2.696652365,12.9576936,0.043848631,0.182237848,6.9140625,female
0.180979303,0.079950262,0.21706278,0.127600897,2.831887158,15.22398443,0.059013453,0.180979303,6.6796875,female
0.21232618,0.0712194,0.239747793,0.05531736,2.176294704,7.913587439,0.243160992,0.21232618,5.96875,female
0.19338875,0.071863195,0.214202401,0.046106346,2.63204108,11.20427427,0.205877644,0.19338875,6.8203125,female
0.199862954,0.075790217,0.225480043,0.043193096,2.990881593,14.74328353,0.222157497,0.199862954,6.8515625,female
0.207560875,0.070830112,0.22359974,0.049122807,3.139242909,13.87194644,0.277089019,0.207560875,6.5390625,female
0.200819859,0.071907892,0.22168784,0.050689655,2.019344115,7.009546911,0.026551724,0.200819859,6.1875,female
0.206207149,0.070150758,0.225265957,0.041143617,2.547865795,10.52663133,0.213164894,0.206207149,6.7109375,female
0.129773971,0.078814989,0.129618644,0.138813559,2.028090245,9.311066312,0.191313559,0.129773971,5.8359375,female
0.121837064,0.079448364,0.121059972,0.147810321,1.856365637,8.112156339,0.011910739,0.121837064,4.6171875,female
0.120183123,0.07871623,0.116197836,0.150602782,1.218909427,4.438278048,0.013848532,0.120183123,0.8515625,female
0.132017462,0.084652306,0.130812216,0.162105263,1.313340244,4.992524069,0.02820013,0.132017462,6.1875,female
0.134625552,0.084402909,0.154530764,0.163579863,1.140497318,3.920025854,0.198558111,0.134625552,4.15625,female
0.114476673,0.081972759,0.090199005,0.15880597,1.103680464,3.759184297,0.009751244,0.114476673,4.265625,female
0.112769241,0.074423541,0.094248366,0.134052288,0.945952958,3.290904201,0.199019608,0.112769241,4.9296875,female
0.126438849,0.079411901,0.127324711,0.152103472,1.452173412,5.58210606,0.214431586,0.126438849,4.90625,female
0.117349503,0.090034971,0.109478199,0.17992852,2.610622644,12.44289838,0.004603288,0.117349503,0.7421875,female
0.10479308,0.085200638,0.077885615,0.157712305,2.419126579,11.28196817,0.008492201,0.10479308,0.8515625,female
0.127633058,0.084931181,0.158891868,0.166899017,1.591173719,5.347644887,0.182162645,0.127633058,5.015625,female
0.09124998,0.086956484,0.048191365,0.163850642,3.089786569,12.85755836,0.011925321,0.09124998,5.28125,female
0.082403761,0.085136315,0.03511371,0.135906433,2.570944324,9.179264394,0.014554906,0.082403761,0.7421875,female
0.124694755,0.080989165,0.131882446,0.155234313,1.970755896,8.000504078,0.19771247,0.124694755,0.84375,female
0.131565985,0.084353899,0.131888638,0.143054929,2.243370074,11.54473998,0.195515425,0.131565985,0.7890625,female
0.108888455,0.092021488,0.070062556,0.178659517,2.235435371,8.528680624,0.011260054,0.108888455,2.9375,female
0.090444809,0.079045052,0.059358438,0.146834031,2.187161199,8.22116353,0.011910739,0.090444809,5.5234375,female
0.13750733,0.091520855,0.16129845,0.177713178,1.119607956,4.185207437,0.008682171,0.13750733,3.109375,female
0.11314773,0.090334906,0.084335106,0.172207447,2.258272929,9.579337133,0.018430851,0.11314773,4.890625,female
0.149730926,0.082852047,0.180932203,0.159576271,1.240036617,4.019385429,0,0.149730926,5.828125,female
0.189613974,0.035932606,0.194115545,0.036855271,2.72441469,10.98686402,0.195616438,0.189613974,6.8359375,female
0.200096968,0.045533164,0.203796455,0.055551744,1.160196657,3.733815459,0.176901086,0.200096968,6.8515625,female
0.178572503,0.046678675,0.164388298,0.055292553,3.06666844,15.6840883,0.153031915,0.178572503,6,female
0.201805872,0.036057092,0.20162234,0.049707447,1.585353025,4.945634244,0.176117021,0.201805872,5.9140625,female
0.203626695,0.041528599,0.204104135,0.063460949,1.462971585,4.790370205,0.208820827,0.203626695,6.7265625,female
0.18366726,0.040607012,0.182533632,0.051165919,2.054137827,7.483018744,0.177040359,0.18366726,3.4140625,female
0.168794368,0.085842433,0.188979981,0.144671115,1.462247943,5.077955726,0.184442326,0.168794368,5.875,female
0.151770962,0.089146839,0.185970149,0.172039801,1.22771039,4.304354494,0.230547264,0.151770962,4,female
0.170655914,0.081237051,0.184277108,0.126084337,1.378256047,5.431662726,0.161506024,0.170655914,0.7265625,female
0.146023363,0.092524628,0.183433735,0.182590361,1.384980918,5.118926831,0.215481928,0.146023363,2.984375,female
0.131883734,0.084734065,0.153707371,0.151859186,1.762128559,6.630383015,0.200836084,0.131883734,4.203125,female
0.116220922,0.089221142,0.076758045,0.162193087,0.693730266,2.503954469,0.013682956,0.116220922,3.640625,female
0.142056256,0.095798426,0.183731237,0.190936383,1.876501626,6.604508594,0.008005718,0.142056256,2.9296875,female
0.143658745,0.090628261,0.184976168,0.1764347,1.591064895,5.388297543,0.212202097,0.143658745,3.5859375,female
0.165508946,0.092883537,0.183043922,0.180755873,1.705029119,5.769115366,0.267701736,0.165508946,0.546875,female
